Premium ID,Customer,Shipment Date,Plant,Shipment Type,Actual cost $USD,Estimated cost $USD,Premium reason code,Premium Status,Ship to,Ship from,Problem description,Carrier name,Submitted by (Name),Submit date,Region,Recovery Status,Segment,Approval status,Approved by (Name),Approved date
95822412,BMW,2025-05-05,PARAISOPOLIS,OUTBOUND,2826.47,1825.61,PR-204,COST RECOVERY,North Judithbury,East Jill,Beautiful instead ahead despite measure ago.,DHL,Matthew Gardner,2025-05-05,APAC,COST RECOVERY PENDING,ELETRÔNICO,APROVADO,Kevin Pacheco,2025-05-05
39345092,FERRARI,2025-01-02,POUSO ALEGRE,INBOUND,5831.83,7302.19,PR-818,COST RECOVERY,Lake Roberto,Ericmouth,Behavior benefit suggest.,TNT,Renee Blair,2025-01-02,EUROPA,CLOSED NOT RECOVERED,PLÁSTICO,APROVADO,Valerie Gray,2025-01-02
31429110,FORD,2025-04-18,BELO HORIZONTE,OUTBOUND,1977.06,9593.52,PR-444,COST RECOVERY PENDING,Mariastad,Lake Chad,Significant world talk term.,DHL,Jesse Flowers,2025-04-18,APAC,COST RECOVERY PENDING,PLÁSTICO,REJEITADO,Henry Santiago,2025-04-18
91030736,MERCEDES,2025-05-17,PARAISOPOLIS,OUTBOUND,5594.17,9744.6,PR-487,COST RECOVERY PENDING,New Cynthiaside,East Steven,Writer policy news range.,UPS,Patty Perez,2025-05-17,NAFTA,COST RECOVERY,METALMECÂNICO,PENDENTE,Ethan Adams,2025-05-17
19335534,BMW,2025-02-10,POUSO ALEGRE,INBOUND,7844.15,9859.6,PR-975,COST RECOVERY PENDING,Jasonfort,Wilkersonmouth,Enter east no.,DHL,Kevin Hurst,2025-02-10,APAC,CLOSED NOT RECOVERED,TEXTIL,PENDENTE,Daniel Bright,2025-02-10
58966946,FERRARI,2025-04-09,BELO HORIZONTE,OUTBOUND,2490.32,3036.29,PR-799,COST RECOVERY,Daviston,East Courtneychester,As high you more wife team.,DHL,Nathan Maldonado,2025-04-09,EUROPA,COST RECOVERY,METALMECÂNICO,APROVADO,Debra Davidson,2025-04-09
72043515,FORD,2025-01-22,BELO HORIZONTE,INBOUND,7003.84,8507.09,PR-894,COST RECOVERY PENDING,Ryanmouth,Lake Nancyview,Seven medical blood personal success medical.,FedEx,James Martin,2025-01-22,LATAM,CLOSED NOT RECOVERED,TEXTIL,REJEITADO,Tammy Sellers,2025-01-22
18883684,FERRARI,2025-04-27,POUSO ALEGRE,OUTBOUND,2519.95,5242.7,PR-758,CLOSED NOT RECOVERED,Tracyville,Natashaport,Around there water beat.,FedEx,Mr. Philip Cannon,2025-04-27,NAFTA,COST RECOVERY PENDING,METALMECÂNICO,PENDENTE,John Pierce,2025-04-27
85345555,MERCEDES,2025-02-21,POUSO ALEGRE,OUTBOUND,9029.32,4294.3,PR-324,COST RECOVERY PENDING,Brandtside,Lake Larry,Just military building different full.,TNT,Crystal Robinson,2025-02-21,LATAM,COST RECOVERY PENDING,ELETRÔNICO,APROVADO,Mark Perez,2025-02-21
94214382,FERRARI,2025-01-07,POUSO ALEGRE,OUTBOUND,6165.89,4155.29,PR-710,CLOSED NOT RECOVERED,Chadbury,Elizabethborough,Car very number line six space.,UPS,Brent Jordan,2025-01-07,LATAM,COST RECOVERY,ELETRÔNICO,PENDENTE,John Daniel,2025-01-07
82070937,MERCEDES,2025-05-11,POUSO ALEGRE,OUTBOUND,1559.75,4630.27,PR-564,COST RECOVERY PENDING,North Richardmouth,East Jamesside,Cell contain leg themselves away.,UPS,Savannah Garcia,2025-05-11,EUROPA,COST RECOVERY,ELETRÔNICO,PENDENTE,Kimberly Smith,2025-05-11
50056581,FERRARI,2025-01-19,PARAISOPOLIS,OUTBOUND,7743.85,5624.1,PR-897,COST RECOVERY,East Richard,Lewisfurt,Clearly able hospital.,DHL,Rachel Mitchell,2025-01-19,NAFTA,CLOSED NOT RECOVERED,ELETRÔNICO,APROVADO,Monica Logan,2025-01-19
58718453,MERCEDES,2025-05-09,PARAISOPOLIS,INBOUND,2788.28,5889.89,PR-180,COST RECOVERY PENDING,Mooreport,North Beth,Article finish anyone live try most.,TNT,Jordan York,2025-05-09,LATAM,COST RECOVERY,METALMECÂNICO,APROVADO,Barry Hensley,2025-05-09
98550256,FORD,2025-03-20,POUSO ALEGRE,INBOUND,3018.04,8788.11,PR-533,COST RECOVERY PENDING,New Johnton,South Dianeshire,First end prove fire enter capital.,FedEx,Joyce Hickman,2025-03-20,NAFTA,CLOSED NOT RECOVERED,PLÁSTICO,REJEITADO,Alexandra Howell,2025-03-20
79467853,FORD,2025-04-20,PARAISOPOLIS,INBOUND,2634.62,3711.81,PR-702,COST RECOVERY,North Amandahaven,Davidstad,These hard citizen.,FedEx,Michele Carr,2025-04-20,EUROPA,COST RECOVERY PENDING,ELETRÔNICO,PENDENTE,Miss Aimee Montoya,2025-04-20
94705205,BMW,2025-02-28,PARAISOPOLIS,INBOUND,9101.49,8666.54,PR-172,COST RECOVERY,East Josephville,West Juan,Response data plant enough.,FedEx,Taylor Mathis Jr.,2025-02-28,NAFTA,COST RECOVERY,TEXTIL,APROVADO,Donald Smith,2025-02-28
82374753,FERRARI,2025-05-30,POUSO ALEGRE,OUTBOUND,2808.47,4993.24,PR-516,COST RECOVERY PENDING,Lake Tina,Lake Scott,Night born war real chance.,DHL,Jacob Tran,2025-05-30,LATAM,COST RECOVERY,TEXTIL,REJEITADO,Andrew Diaz,2025-05-30
66851760,FORD,2025-01-08,BELO HORIZONTE,INBOUND,6896.96,9849.57,PR-200,COST RECOVERY PENDING,Jasonbury,West Kimberlychester,See understand door class son computer.,TNT,Christopher Middleton,2025-01-08,NAFTA,COST RECOVERY PENDING,METALMECÂNICO,APROVADO,Jennifer Santiago,2025-01-08
35529407,FORD,2025-05-23,PARAISOPOLIS,OUTBOUND,2243.14,4894.97,PR-995,COST RECOVERY PENDING,West Erik,South Monicafort,Current truth glass star.,TNT,Courtney Keller,2025-05-23,LATAM,COST RECOVERY PENDING,ELETRÔNICO,APROVADO,Donald Jones,2025-05-23
41726318,FERRARI,2025-02-24,BELO HORIZONTE,OUTBOUND,5072.9,8714.18,PR-160,COST RECOVERY PENDING,Darlenefurt,Sheilaville,Condition while enter board.,TNT,Nicholas Edwards,2025-02-24,LATAM,CLOSED NOT RECOVERED,PLÁSTICO,REJEITADO,Kayla Cruz,2025-02-24
48285503,FORD,2025-04-22,POUSO ALEGRE,OUTBOUND,1970.57,3318.72,PR-159,COST RECOVERY,West Bradley,Smithside,Hair attorney professional form.,DHL,Ryan Cortez,2025-04-22,NAFTA,COST RECOVERY PENDING,ELETRÔNICO,PENDENTE,Eric Ortiz,2025-04-22
73993471,FERRARI,2025-03-20,PARAISOPOLIS,INBOUND,8587.75,1150.95,PR-169,COST RECOVERY,Angelaborough,Ortegafurt,Past feeling nature a.,FedEx,Jeffrey Carpenter,2025-03-20,APAC,COST RECOVERY PENDING,METALMECÂNICO,PENDENTE,Julie Ramos,2025-03-20
89795010,BMW,2025-02-11,POUSO ALEGRE,INBOUND,4482.64,6044.89,PR-635,CLOSED NOT RECOVERED,Leonburgh,West Zacharymouth,Stand seem pull.,UPS,Curtis Johnson,2025-02-11,EUROPA,COST RECOVERY,PLÁSTICO,APROVADO,John Atkinson,2025-02-11
45650176,FORD,2025-01-15,PARAISOPOLIS,OUTBOUND,4843.63,9325.67,PR-174,COST RECOVERY PENDING,Perryshire,Lake Heather,Hundred challenge reach throughout team those.,TNT,Colleen Brock,2025-01-15,LATAM,COST RECOVERY PENDING,METALMECÂNICO,PENDENTE,Julie Grant,2025-01-15
45594597,FERRARI,2025-01-24,BELO HORIZONTE,INBOUND,8853.07,4010.51,PR-261,CLOSED NOT RECOVERED,Andersonmouth,Stephaniemouth,Spring throughout interview trade knowledge city.,UPS,Joanna Walton,2025-01-24,LATAM,COST RECOVERY,PLÁSTICO,PENDENTE,Destiny Strickland,2025-01-24
23903144,FERRARI,2025-04-05,BELO HORIZONTE,INBOUND,8952.27,7552.96,PR-259,CLOSED NOT RECOVERED,West Scott,Jimmymouth,Throw ball character him check.,UPS,Jason Rivera,2025-04-05,EUROPA,COST RECOVERY,PLÁSTICO,APROVADO,Antonio Wall,2025-04-05
95125977,MERCEDES,2025-03-17,POUSO ALEGRE,OUTBOUND,2885.65,9127.51,PR-152,COST RECOVERY PENDING,Port Nicoleshire,Woodsstad,Send table well industry.,TNT,Kimberly Morrison,2025-03-17,NAFTA,COST RECOVERY PENDING,ELETRÔNICO,REJEITADO,Daniel Graham,2025-03-17
27558317,MERCEDES,2025-01-06,PARAISOPOLIS,OUTBOUND,5740.96,4563.03,PR-109,COST RECOVERY PENDING,Rogersfurt,Port Tanner,Wonder move trade.,DHL,Mary Miller,2025-01-06,EUROPA,COST RECOVERY,ELETRÔNICO,REJEITADO,Sean White,2025-01-06
88183110,FERRARI,2025-02-20,BELO HORIZONTE,INBOUND,897.37,3964.19,PR-915,COST RECOVERY PENDING,Murphymouth,Matthewfurt,Sell story edge bank.,UPS,Joshua Cooke,2025-02-20,EUROPA,COST RECOVERY,METALMECÂNICO,PENDENTE,Matthew Harrington,2025-02-20
23796726,MERCEDES,2025-05-07,POUSO ALEGRE,OUTBOUND,9751.45,7620.04,PR-342,COST RECOVERY PENDING,Port Anthonybury,Port Andrew,Draw list boy.,FedEx,Julie Scott,2025-05-07,APAC,COST RECOVERY PENDING,METALMECÂNICO,PENDENTE,Larry Stuart,2025-05-07
54585178,FORD,2025-05-20,POUSO ALEGRE,INBOUND,3034.65,7980.06,PR-210,CLOSED NOT RECOVERED,Port Loriport,New Anthonyport,Quality when however resource away real.,DHL,Ashley Barton,2025-05-20,APAC,COST RECOVERY PENDING,METALMECÂNICO,REJEITADO,Lindsay Martinez,2025-05-20
56930359,MERCEDES,2025-04-20,PARAISOPOLIS,INBOUND,724.81,2334.73,PR-436,CLOSED NOT RECOVERED,West Amandastad,New Deborahtown,State black whether player stock.,DHL,Jessica Gross,2025-04-20,NAFTA,CLOSED NOT RECOVERED,TEXTIL,PENDENTE,Debra Morton,2025-04-20
81969657,MERCEDES,2025-04-15,PARAISOPOLIS,INBOUND,8831.86,2981.54,PR-694,CLOSED NOT RECOVERED,Marshallshire,Marcusbury,Everything late seek.,DHL,Mary Rogers,2025-04-15,LATAM,COST RECOVERY,TEXTIL,REJEITADO,Frederick Freeman MD,2025-04-15
52101056,FORD,2025-02-20,POUSO ALEGRE,INBOUND,4159.36,5977.59,PR-360,COST RECOVERY PENDING,Joshuaview,New Stacyland,Result major serve real.,TNT,Katherine Mcguire,2025-02-20,LATAM,COST RECOVERY,METALMECÂNICO,REJEITADO,Daniel Holt,2025-02-20
67887757,BMW,2025-03-01,POUSO ALEGRE,OUTBOUND,6419.98,6802.18,PR-227,COST RECOVERY,Thomashaven,Ronaldside,Goal law fill discover return.,UPS,Patrick Tapia,2025-03-01,NAFTA,COST RECOVERY,TEXTIL,REJEITADO,Cheryl Rodgers,2025-03-01
64009265,MERCEDES,2025-02-23,POUSO ALEGRE,INBOUND,2322.48,6816.83,PR-488,COST RECOVERY,Tinaborough,Jeremyburgh,Add move ever window.,FedEx,Melissa Martinez,2025-02-23,NAFTA,CLOSED NOT RECOVERED,ELETRÔNICO,REJEITADO,Katherine Salas,2025-02-23
48508907,FERRARI,2025-04-22,BELO HORIZONTE,OUTBOUND,4917.39,4700.52,PR-318,COST RECOVERY,Taylormouth,Jackton,Wait local state husband.,TNT,Mark Brown,2025-04-22,EUROPA,COST RECOVERY,ELETRÔNICO,REJEITADO,Justin Torres,2025-04-22
79182797,MERCEDES,2025-02-18,PARAISOPOLIS,INBOUND,6891.56,2634.09,PR-303,COST RECOVERY PENDING,New Kathybury,Hayesmouth,Team wrong figure perform.,DHL,Natalie Meza,2025-02-18,LATAM,COST RECOVERY PENDING,TEXTIL,PENDENTE,Daniel Guerrero,2025-02-18
19774839,FORD,2025-01-31,BELO HORIZONTE,INBOUND,7324.29,4147.8,PR-509,COST RECOVERY PENDING,East Andrea,North Ricky,Like allow explain executive teacher author.,FedEx,Dennis Moody,2025-01-31,LATAM,COST RECOVERY PENDING,TEXTIL,APROVADO,Regina Gonzalez,2025-01-31
33607110,FORD,2025-01-23,PARAISOPOLIS,INBOUND,9215.97,1652.91,PR-236,CLOSED NOT RECOVERED,Lake Edward,Margaretland,Coach film see.,UPS,Donna Martinez,2025-01-23,APAC,COST RECOVERY,TEXTIL,PENDENTE,Melissa Bender,2025-01-23
69849511,FERRARI,2025-04-08,POUSO ALEGRE,OUTBOUND,4775.66,7641.88,PR-960,COST RECOVERY,Kimton,Navarroview,Before while structure.,UPS,Tiffany Key,2025-04-08,APAC,COST RECOVERY,METALMECÂNICO,REJEITADO,Debra Williams,2025-04-08
69038700,BMW,2025-05-27,POUSO ALEGRE,OUTBOUND,2727.69,3690.55,PR-653,COST RECOVERY PENDING,South April,Moonburgh,Job sport why like impact fly.,FedEx,Christopher Jenkins,2025-05-27,EUROPA,COST RECOVERY PENDING,TEXTIL,PENDENTE,Matthew Morales DDS,2025-05-27
30509175,FERRARI,2025-01-08,PARAISOPOLIS,OUTBOUND,4372.19,5654.81,PR-525,COST RECOVERY PENDING,Millerview,Darrellfurt,Stay ability thank left approach million.,FedEx,Kathleen Ramos,2025-01-08,APAC,CLOSED NOT RECOVERED,ELETRÔNICO,PENDENTE,Derek Anderson,2025-01-08
61053877,FORD,2025-02-25,PARAISOPOLIS,OUTBOUND,3336.82,4204.87,PR-955,CLOSED NOT RECOVERED,Gilmorefort,North Teresabury,Financial add impact different.,FedEx,Ashley Valentine,2025-02-25,APAC,COST RECOVERY PENDING,PLÁSTICO,REJEITADO,Brittany Cantu,2025-02-25
75181765,BMW,2025-02-26,BELO HORIZONTE,OUTBOUND,6854.3,8082.35,PR-841,COST RECOVERY PENDING,Robertfort,Sanchezside,Himself two meet.,TNT,Sharon Hill,2025-02-26,EUROPA,COST RECOVERY,ELETRÔNICO,REJEITADO,Jennifer Villa,2025-02-26
89442503,BMW,2025-04-09,PARAISOPOLIS,OUTBOUND,1789.15,4886.14,PR-151,CLOSED NOT RECOVERED,Loriport,Maryshire,Tend land machine forward several help.,TNT,Sheila Pollard,2025-04-09,NAFTA,COST RECOVERY PENDING,TEXTIL,REJEITADO,James Chase,2025-04-09
55298556,FORD,2025-03-21,BELO HORIZONTE,OUTBOUND,2896.58,1278.11,PR-119,COST RECOVERY,West Juliefurt,Mcneilberg,Who call whole forward beyond suddenly.,DHL,Thomas Smith,2025-03-21,NAFTA,COST RECOVERY PENDING,ELETRÔNICO,PENDENTE,Seth Booker,2025-03-21
15403355,BMW,2025-01-15,PARAISOPOLIS,INBOUND,8472.67,6402.69,PR-344,COST RECOVERY PENDING,Harringtonview,Cindyfurt,System system teacher.,TNT,Eugene Higgins,2025-01-15,LATAM,COST RECOVERY,METALMECÂNICO,REJEITADO,Shelia Johnson,2025-01-15
44392446,MERCEDES,2025-01-14,PARAISOPOLIS,INBOUND,7889.02,2055.78,PR-418,COST RECOVERY PENDING,Lake Gabrielle,Wendyland,Within set region beyond coach.,DHL,Allen Nguyen,2025-01-14,NAFTA,COST RECOVERY,TEXTIL,REJEITADO,Ian Jordan,2025-01-14
36619372,BMW,2025-02-17,POUSO ALEGRE,INBOUND,1468.06,7838.57,PR-970,COST RECOVERY,Knightburgh,East Christian,People drive tree central leave.,DHL,David Smith,2025-02-17,LATAM,CLOSED NOT RECOVERED,TEXTIL,PENDENTE,Stephanie Byrd,2025-02-17
59737181,BMW,2025-01-31,POUSO ALEGRE,OUTBOUND,620.2,4490.56,PR-601,COST RECOVERY PENDING,South Sierrashire,Daniellechester,Lead few yourself table.,TNT,James Howard,2025-01-31,NAFTA,COST RECOVERY,TEXTIL,PENDENTE,Michael Johnson,2025-01-31
30534124,FORD,2025-05-08,PARAISOPOLIS,OUTBOUND,6351.17,9236.37,PR-893,CLOSED NOT RECOVERED,Hillshire,New Julieport,Parent good PM per.,TNT,Michelle Hopkins,2025-05-08,APAC,COST RECOVERY,PLÁSTICO,REJEITADO,Lori Berger,2025-05-08
42949803,BMW,2025-05-06,BELO HORIZONTE,OUTBOUND,2816.7,4914.73,PR-724,COST RECOVERY,West Kristinaton,Jessicaland,Force indeed customer skill.,TNT,Holly Shaw,2025-05-06,NAFTA,COST RECOVERY PENDING,TEXTIL,REJEITADO,Christopher Sloan,2025-05-06
34406132,FORD,2025-04-04,PARAISOPOLIS,OUTBOUND,8079.41,3733.22,PR-710,COST RECOVERY,Juliemouth,South Sydneyberg,Team right woman whose.,UPS,Holly Gibbs,2025-04-04,LATAM,COST RECOVERY,METALMECÂNICO,APROVADO,Joshua Gibson,2025-04-04
42394260,FORD,2025-05-11,BELO HORIZONTE,INBOUND,7060.79,6636.08,PR-602,CLOSED NOT RECOVERED,Brendastad,Lake Jesustown,This no trip determine as statement.,DHL,Elizabeth Ortiz,2025-05-11,LATAM,CLOSED NOT RECOVERED,METALMECÂNICO,REJEITADO,Tracy Torres,2025-05-11
42655866,MERCEDES,2025-04-06,POUSO ALEGRE,OUTBOUND,4995.97,5543.76,PR-535,COST RECOVERY,North Jimmyside,South Shawn,Industry score choice increase between majority.,UPS,Trevor Johnson,2025-04-06,NAFTA,COST RECOVERY,TEXTIL,REJEITADO,Jeremy Sampson,2025-04-06
51154241,MERCEDES,2025-03-12,PARAISOPOLIS,INBOUND,7352.2,3497.71,PR-860,COST RECOVERY,Lake Michaelstad,South Joshuaville,Begin deep police wife anything.,FedEx,William Buchanan,2025-03-12,EUROPA,COST RECOVERY PENDING,TEXTIL,REJEITADO,Ronald Spencer,2025-03-12
89133014,MERCEDES,2025-04-24,PARAISOPOLIS,INBOUND,3314.34,3928.37,PR-409,COST RECOVERY PENDING,Port Molly,Kimtown,Teach certain candidate economy.,FedEx,Matthew Johnson,2025-04-24,NAFTA,COST RECOVERY PENDING,ELETRÔNICO,PENDENTE,Richard Young,2025-04-24
49209916,FERRARI,2025-03-04,POUSO ALEGRE,OUTBOUND,1474.58,616.52,PR-391,CLOSED NOT RECOVERED,East Josephberg,Foxland,Large gun order later develop past.,TNT,Susan Hopkins,2025-03-04,APAC,CLOSED NOT RECOVERED,METALMECÂNICO,APROVADO,Mason Johnson,2025-03-04
43887075,FORD,2025-04-04,PARAISOPOLIS,INBOUND,4306.72,1203.78,PR-744,COST RECOVERY,Simmonsville,Josephmouth,Tonight focus chance.,DHL,Marcus Richards,2025-04-04,EUROPA,COST RECOVERY PENDING,PLÁSTICO,APROVADO,Jane Harper,2025-04-04
43311626,BMW,2025-02-27,POUSO ALEGRE,OUTBOUND,6260.02,8012.04,PR-331,COST RECOVERY,Wagnerchester,Port Jacquelineside,Involve thousand including still.,TNT,Nicholas Edwards,2025-02-27,APAC,CLOSED NOT RECOVERED,PLÁSTICO,PENDENTE,David Mckay,2025-02-27
67556566,MERCEDES,2025-05-14,POUSO ALEGRE,INBOUND,6291.49,7530.85,PR-881,COST RECOVERY PENDING,Jonesland,South Colinstad,News only no.,FedEx,Bryan Gomez,2025-05-14,NAFTA,COST RECOVERY,ELETRÔNICO,APROVADO,Nicole Parrish,2025-05-14
42194159,FERRARI,2025-05-21,POUSO ALEGRE,INBOUND,1987.06,4380.92,PR-805,COST RECOVERY,West Carolinestad,New Williamberg,Difference board suddenly happen several off.,TNT,Sarah Villegas,2025-05-21,NAFTA,COST RECOVERY PENDING,METALMECÂNICO,REJEITADO,Lisa Day,2025-05-21
47945817,FORD,2025-01-06,PARAISOPOLIS,INBOUND,9277.15,7984.37,PR-740,COST RECOVERY,Anthonyview,Sandrastad,Consider century price.,FedEx,Patrick Bonilla,2025-01-06,APAC,COST RECOVERY PENDING,METALMECÂNICO,PENDENTE,Joseph Bennett,2025-01-06
29997018,MERCEDES,2025-03-30,PARAISOPOLIS,INBOUND,1066.56,8029.97,PR-709,COST RECOVERY,Ericport,Kimberlyshire,Be apply church pay purpose evening.,UPS,Karla Ramos,2025-03-30,APAC,COST RECOVERY PENDING,TEXTIL,PENDENTE,Paul Wilson,2025-03-30
50814428,FORD,2025-03-25,BELO HORIZONTE,OUTBOUND,4658.71,6181.35,PR-542,COST RECOVERY,West Erikashire,Roseport,Determine worker area.,UPS,Tony Saunders,2025-03-25,NAFTA,COST RECOVERY PENDING,ELETRÔNICO,APROVADO,Donna Wilson,2025-03-25
87201917,BMW,2025-04-07,POUSO ALEGRE,OUTBOUND,5974.35,7749.54,PR-279,CLOSED NOT RECOVERED,Thompsonfurt,New Angelica,Author technology amount affect TV.,TNT,Laura Berry,2025-04-07,NAFTA,COST RECOVERY PENDING,TEXTIL,PENDENTE,Jennifer Wilson,2025-04-07
75998319,BMW,2025-01-05,BELO HORIZONTE,OUTBOUND,4379.31,3550.05,PR-207,COST RECOVERY PENDING,Georgemouth,Christopherville,Job hundred bad that.,UPS,Connie Maxwell,2025-01-05,APAC,COST RECOVERY,TEXTIL,REJEITADO,Mark Schmidt,2025-01-05
98930456,FORD,2025-02-07,POUSO ALEGRE,INBOUND,4820.85,3487.91,PR-431,COST RECOVERY PENDING,Michaelberg,North Dwayne,Community check service away.,TNT,Lori Marshall,2025-02-07,LATAM,COST RECOVERY,TEXTIL,REJEITADO,Lauren Maldonado,2025-02-07
17275149,FERRARI,2025-04-20,POUSO ALEGRE,OUTBOUND,6415.02,5235.68,PR-552,COST RECOVERY PENDING,Michellemouth,South Carlos,Place someone option goal avoid.,FedEx,Andrew Wood,2025-04-20,NAFTA,COST RECOVERY,METALMECÂNICO,REJEITADO,Matthew Madden,2025-04-20
68802946,FORD,2025-01-18,PARAISOPOLIS,INBOUND,9744.89,6284.28,PR-345,COST RECOVERY,Fordside,South Reginashire,Focus little character artist.,FedEx,Steven Cooper,2025-01-18,NAFTA,COST RECOVERY,ELETRÔNICO,PENDENTE,Kathy Thompson,2025-01-18
64759583,BMW,2025-02-18,PARAISOPOLIS,INBOUND,4883.75,1615.93,PR-952,COST RECOVERY PENDING,Ritterhaven,West Nathan,Hold simple quickly appear.,TNT,Felicia Rivera,2025-02-18,NAFTA,COST RECOVERY,PLÁSTICO,REJEITADO,Jasmine King,2025-02-18
74759996,FORD,2025-05-08,PARAISOPOLIS,OUTBOUND,5737.02,4144.07,PR-713,COST RECOVERY,West Christopher,West Kyle,Can remember be next poor.,FedEx,Carl Warner,2025-05-08,LATAM,CLOSED NOT RECOVERED,TEXTIL,REJEITADO,Yolanda Gaines,2025-05-08
78147397,MERCEDES,2025-01-19,PARAISOPOLIS,OUTBOUND,7397.48,8456.02,PR-693,COST RECOVERY,Romerotown,Kyleborough,Way main difficult case baby.,TNT,Ashley Wise,2025-01-19,EUROPA,CLOSED NOT RECOVERED,TEXTIL,REJEITADO,Sophia Johnson,2025-01-19
54619335,FORD,2025-03-07,BELO HORIZONTE,OUTBOUND,8761.22,9817.36,PR-344,COST RECOVERY,New Nicholas,East Marie,Speak close join improve put down.,TNT,Dustin Goodman,2025-03-07,EUROPA,CLOSED NOT RECOVERED,ELETRÔNICO,REJEITADO,Joseph Collins,2025-03-07
73481797,FORD,2025-04-02,BELO HORIZONTE,INBOUND,5205.62,851.69,PR-614,COST RECOVERY,West Erika,Murrayport,Me industry class current painting.,UPS,Amy Castillo,2025-04-02,LATAM,CLOSED NOT RECOVERED,ELETRÔNICO,PENDENTE,Timothy Dawson,2025-04-02
71327848,BMW,2025-04-11,POUSO ALEGRE,INBOUND,4394.8,6720.42,PR-258,COST RECOVERY PENDING,West Christopherburgh,Shannonhaven,Store begin treat.,TNT,Stacey Arias,2025-04-11,NAFTA,CLOSED NOT RECOVERED,TEXTIL,PENDENTE,James Brooks,2025-04-11
20779739,MERCEDES,2025-03-16,POUSO ALEGRE,OUTBOUND,9564.33,6454.59,PR-877,CLOSED NOT RECOVERED,West Jeffreymouth,Port Jennifermouth,Case expert stop.,DHL,Brenda Thornton,2025-03-16,LATAM,COST RECOVERY PENDING,PLÁSTICO,APROVADO,Aaron Miller,2025-03-16
22130508,FORD,2025-02-19,PARAISOPOLIS,INBOUND,4714.95,7093.01,PR-129,COST RECOVERY PENDING,Port Edward,Rodriguezport,Feeling answer information soldier.,UPS,Brian Stein,2025-02-19,LATAM,CLOSED NOT RECOVERED,PLÁSTICO,REJEITADO,Alexis Robertson,2025-02-19
67805802,FERRARI,2025-02-16,PARAISOPOLIS,OUTBOUND,5876.32,8028.94,PR-274,COST RECOVERY PENDING,West Ruben,Johnchester,Professor beat window attack.,DHL,Katie Mcneil,2025-02-16,APAC,COST RECOVERY,METALMECÂNICO,REJEITADO,Jeanette Harrison,2025-02-16
88270025,FERRARI,2025-05-04,PARAISOPOLIS,OUTBOUND,6560.09,4865.92,PR-782,COST RECOVERY PENDING,Zavalaview,West Kristinastad,Run pick sign same.,TNT,Andrew Payne,2025-05-04,NAFTA,COST RECOVERY,METALMECÂNICO,APROVADO,Carrie Maxwell,2025-05-04
69287967,MERCEDES,2025-04-01,POUSO ALEGRE,OUTBOUND,6569.92,4530.93,PR-356,CLOSED NOT RECOVERED,Welchberg,Lake Kimberlymouth,Fall analysis current.,UPS,Timothy Robertson,2025-04-01,EUROPA,CLOSED NOT RECOVERED,TEXTIL,APROVADO,Kimberly King PhD,2025-04-01
41837210,FORD,2025-02-07,POUSO ALEGRE,OUTBOUND,5960.71,9930.57,PR-402,COST RECOVERY PENDING,Michaelton,Joshuastad,Threat sea thus hit wind.,TNT,Jonathan Glass MD,2025-02-07,NAFTA,COST RECOVERY PENDING,ELETRÔNICO,PENDENTE,Monica Miller,2025-02-07
76669607,MERCEDES,2025-04-27,PARAISOPOLIS,OUTBOUND,2580.54,2306.25,PR-356,COST RECOVERY,New Kelly,North Markport,Knowledge response coach know.,FedEx,Nicholas Buck,2025-04-27,LATAM,COST RECOVERY,ELETRÔNICO,REJEITADO,Jessica Fowler,2025-04-27
69166287,BMW,2025-01-12,POUSO ALEGRE,OUTBOUND,7457.42,1356.27,PR-402,CLOSED NOT RECOVERED,Lake Danastad,North Douglas,Question just call door population gun.,TNT,Amanda Hernandez,2025-01-12,EUROPA,COST RECOVERY PENDING,METALMECÂNICO,PENDENTE,Jacob Wallace,2025-01-12
59104566,MERCEDES,2025-01-15,PARAISOPOLIS,OUTBOUND,9183.47,9469.78,PR-925,CLOSED NOT RECOVERED,New Michael,Debrabury,Ago control military.,UPS,Autumn Hampton,2025-01-15,LATAM,CLOSED NOT RECOVERED,ELETRÔNICO,APROVADO,Cindy Carr,2025-01-15
40281491,FORD,2025-05-15,POUSO ALEGRE,OUTBOUND,1357.88,4248.46,PR-370,COST RECOVERY,Gonzalezberg,South Geraldmouth,Specific whose worry.,DHL,Michelle Pierce,2025-05-15,APAC,CLOSED NOT RECOVERED,PLÁSTICO,PENDENTE,Elijah Moore,2025-05-15
61140376,MERCEDES,2025-05-18,PARAISOPOLIS,INBOUND,4979.03,6385.7,PR-674,CLOSED NOT RECOVERED,Port Michael,North Tracie,Door management guess.,FedEx,Julie Bird,2025-05-18,LATAM,COST RECOVERY,TEXTIL,PENDENTE,Stephen Jones,2025-05-18
50559278,FORD,2025-03-19,PARAISOPOLIS,INBOUND,930.79,853.52,PR-604,COST RECOVERY PENDING,Foxchester,East Teresaland,Letter military campaign stop necessary.,DHL,Patricia Anderson,2025-03-19,EUROPA,COST RECOVERY,METALMECÂNICO,REJEITADO,Sheena Guerra,2025-03-19
70887034,MERCEDES,2025-04-11,POUSO ALEGRE,OUTBOUND,6079.73,7402.69,PR-524,COST RECOVERY,West Fred,Sarahbury,Way million exist bad cultural.,DHL,Denise Weber,2025-04-11,APAC,COST RECOVERY,TEXTIL,REJEITADO,Anna Davidson,2025-04-11
14391105,MERCEDES,2025-04-25,PARAISOPOLIS,OUTBOUND,4724.61,2743.07,PR-471,COST RECOVERY PENDING,East Donna,Meganshire,Stay agreement animal.,UPS,Laura Curtis,2025-04-25,NAFTA,COST RECOVERY PENDING,TEXTIL,REJEITADO,Jennifer Fowler,2025-04-25
35475673,BMW,2025-04-07,BELO HORIZONTE,INBOUND,6796.3,6596.19,PR-711,COST RECOVERY PENDING,Dawnport,Sanchezfurt,Law read citizen indeed.,DHL,Gerald Thomas,2025-04-07,NAFTA,COST RECOVERY PENDING,METALMECÂNICO,PENDENTE,Emma Travis,2025-04-07
37542226,BMW,2025-03-09,POUSO ALEGRE,INBOUND,6070.64,8224.0,PR-338,CLOSED NOT RECOVERED,Andersonstad,West Johnville,Last cell anything war.,FedEx,Jennifer Estes,2025-03-09,LATAM,CLOSED NOT RECOVERED,METALMECÂNICO,APROVADO,Robin Peck,2025-03-09
82506491,MERCEDES,2025-05-21,PARAISOPOLIS,INBOUND,6780.05,744.91,PR-115,CLOSED NOT RECOVERED,Jamesburgh,Ferrellmouth,These market bed hotel lead drive.,FedEx,Amber Campbell,2025-05-21,NAFTA,COST RECOVERY PENDING,METALMECÂNICO,REJEITADO,Sarah Chambers,2025-05-21
17032877,FERRARI,2025-02-25,POUSO ALEGRE,OUTBOUND,5497.81,7583.82,PR-587,CLOSED NOT RECOVERED,Port Danielberg,Jessicafurt,And anything no guy eye.,UPS,Jerry Pierce,2025-02-25,LATAM,CLOSED NOT RECOVERED,METALMECÂNICO,PENDENTE,Lisa Carr,2025-02-25
15820356,MERCEDES,2025-01-25,BELO HORIZONTE,INBOUND,1077.84,5050.33,PR-511,CLOSED NOT RECOVERED,South Nathanielmouth,Kariborough,Meeting matter and case four listen.,DHL,Larry Robertson,2025-01-25,APAC,COST RECOVERY,TEXTIL,APROVADO,Louis Martin,2025-01-25
20843514,MERCEDES,2025-04-30,POUSO ALEGRE,INBOUND,1123.98,3112.65,PR-748,COST RECOVERY,Brittneyhaven,Ericksonport,Staff happy purpose woman on someone.,UPS,Melissa Johnson,2025-04-30,APAC,COST RECOVERY,PLÁSTICO,REJEITADO,Walter Patton,2025-04-30
77853916,FORD,2025-04-23,PARAISOPOLIS,INBOUND,8601.53,6683.71,PR-887,COST RECOVERY,Lake Brett,Jacksonfurt,Start drug occur.,FedEx,Cheryl Alexander,2025-04-23,APAC,CLOSED NOT RECOVERED,METALMECÂNICO,REJEITADO,Jason Harris,2025-04-23
55490631,FORD,2025-04-08,BELO HORIZONTE,OUTBOUND,7431.32,3469.21,PR-420,COST RECOVERY,Salaston,New Jared,Your long heavy what least.,UPS,Kimberly Lowe,2025-04-08,NAFTA,COST RECOVERY PENDING,TEXTIL,APROVADO,Melanie Lara,2025-04-08
22243983,BMW,2025-02-21,PARAISOPOLIS,OUTBOUND,1417.36,7518.56,PR-931,COST RECOVERY PENDING,Leebury,Angelabury,Side relate real major.,DHL,Justin Michael,2025-02-21,NAFTA,COST RECOVERY,ELETRÔNICO,REJEITADO,Donna Berry,2025-02-21
57459130,FORD,2025-04-16,POUSO ALEGRE,INBOUND,9699.79,6203.9,PR-460,COST RECOVERY PENDING,Huangfurt,Stephanieberg,Among western bad under.,FedEx,Nicole Lewis,2025-04-16,EUROPA,COST RECOVERY,TEXTIL,APROVADO,Denise Hoffman,2025-04-16
24524825,MERCEDES,2025-02-22,POUSO ALEGRE,OUTBOUND,1591.41,3146.4,PR-331,CLOSED NOT RECOVERED,North Christina,East Brent,Difficult do beyond form line race.,DHL,Vincent Spence,2025-02-22,NAFTA,COST RECOVERY PENDING,METALMECÂNICO,REJEITADO,Matthew Gilmore,2025-02-22
51471222,MERCEDES,2025-04-03,BELO HORIZONTE,INBOUND,2223.35,1860.89,PR-773,CLOSED NOT RECOVERED,Santosport,Justinton,Present discussion school.,DHL,Amanda Dorsey,2025-04-03,EUROPA,COST RECOVERY,ELETRÔNICO,APROVADO,Ryan Peck,2025-04-03
81200181,FERRARI,2025-01-08,BELO HORIZONTE,OUTBOUND,4809.64,1995.39,PR-419,COST RECOVERY,Frenchburgh,Nancytown,Nothing blue work expect.,UPS,Kimberly Snyder DVM,2025-01-08,LATAM,COST RECOVERY PENDING,METALMECÂNICO,APROVADO,Julie Lee,2025-01-08
92924837,BMW,2025-01-22,POUSO ALEGRE,INBOUND,3084.98,6788.42,PR-597,COST RECOVERY,Franciscomouth,Jennifertown,So nothing serious compare task.,TNT,Samantha Robertson,2025-01-22,APAC,CLOSED NOT RECOVERED,METALMECÂNICO,PENDENTE,Michael Lopez,2025-01-22
25276327,MERCEDES,2025-01-28,BELO HORIZONTE,INBOUND,3190.84,6945.62,PR-598,COST RECOVERY,Morrisbury,West Patrickmouth,West few reveal activity.,UPS,Melissa Brown,2025-01-28,LATAM,COST RECOVERY PENDING,TEXTIL,PENDENTE,Eric Sullivan,2025-01-28
17352710,BMW,2025-04-08,PARAISOPOLIS,OUTBOUND,9480.58,7789.82,PR-882,CLOSED NOT RECOVERED,Hannahport,Christinabury,Long lawyer writer.,UPS,Michael Durham,2025-04-08,NAFTA,COST RECOVERY PENDING,ELETRÔNICO,REJEITADO,Rebecca Petersen,2025-04-08
67801537,FERRARI,2025-05-28,PARAISOPOLIS,OUTBOUND,5559.53,2686.05,PR-672,COST RECOVERY,Lake Karen,New Seanstad,True born stock.,UPS,Christina Herrera,2025-05-28,LATAM,CLOSED NOT RECOVERED,ELETRÔNICO,REJEITADO,Scott Ramos,2025-05-28
12515446,FORD,2025-05-13,PARAISOPOLIS,OUTBOUND,5969.71,5947.3,PR-826,COST RECOVERY,Lake Brandy,New Seanton,Car indeed nor next pull.,TNT,Alex Scott,2025-05-13,NAFTA,COST RECOVERY PENDING,TEXTIL,APROVADO,Daniel Jones,2025-05-13
53589647,FERRARI,2025-03-24,POUSO ALEGRE,OUTBOUND,8404.25,9237.81,PR-190,CLOSED NOT RECOVERED,Isabellaside,North Valeriefort,Expert conference career.,DHL,Monica Stuart,2025-03-24,EUROPA,CLOSED NOT RECOVERED,TEXTIL,PENDENTE,Steven West,2025-03-24
20555833,FORD,2025-03-15,BELO HORIZONTE,OUTBOUND,2604.93,7901.62,PR-178,COST RECOVERY,Millerside,Lake Michelle,Condition Mr more.,DHL,Courtney Smith,2025-03-15,EUROPA,CLOSED NOT RECOVERED,PLÁSTICO,PENDENTE,Edwin Nunez,2025-03-15
96629889,FERRARI,2025-04-16,PARAISOPOLIS,INBOUND,1891.22,2374.08,PR-716,COST RECOVERY PENDING,Patelbury,South Michael,Country themselves she allow.,DHL,Lisa Mayer,2025-04-16,EUROPA,COST RECOVERY,TEXTIL,REJEITADO,Cynthia Jones,2025-04-16
85663295,FORD,2025-04-26,POUSO ALEGRE,OUTBOUND,8710.35,6458.57,PR-254,CLOSED NOT RECOVERED,South Carlaton,Lake Bradley,Doctor describe tell argue mean.,DHL,Robert Dennis,2025-04-26,APAC,CLOSED NOT RECOVERED,PLÁSTICO,REJEITADO,Kyle Chambers,2025-04-26
89379016,BMW,2025-03-04,BELO HORIZONTE,INBOUND,3448.87,4793.18,PR-158,CLOSED NOT RECOVERED,West Nancy,South Kevin,News option same.,UPS,Michael Peters,2025-03-04,LATAM,COST RECOVERY,ELETRÔNICO,PENDENTE,Gregory Schneider,2025-03-04
89736043,FORD,2025-03-16,BELO HORIZONTE,INBOUND,4772.47,8193.25,PR-767,COST RECOVERY PENDING,Heatherchester,West Nicholas,List support feeling remain south trip.,UPS,Tracy Grant,2025-03-16,APAC,COST RECOVERY,METALMECÂNICO,APROVADO,David Harris,2025-03-16
70468188,BMW,2025-05-06,BELO HORIZONTE,INBOUND,5293.22,2139.31,PR-353,COST RECOVERY,South Melanieland,North Joseph,Owner them could seven right next.,TNT,Sean Cook,2025-05-06,APAC,COST RECOVERY,METALMECÂNICO,REJEITADO,Alexis Giles,2025-05-06
60043345,MERCEDES,2025-05-24,BELO HORIZONTE,OUTBOUND,7857.42,6949.53,PR-153,COST RECOVERY,Lake Yvonnefort,Lake Cassandra,However dream focus executive.,UPS,Matthew Parker,2025-05-24,LATAM,CLOSED NOT RECOVERED,ELETRÔNICO,PENDENTE,Stephen Owens,2025-05-24
61883769,MERCEDES,2025-05-21,BELO HORIZONTE,INBOUND,3666.94,6036.03,PR-244,CLOSED NOT RECOVERED,Gillmouth,West Lawrence,None determine certainly.,UPS,Timothy Riley,2025-05-21,APAC,COST RECOVERY PENDING,ELETRÔNICO,REJEITADO,Christian Rivera,2025-05-21
85017250,FORD,2025-03-15,POUSO ALEGRE,OUTBOUND,8225.26,6866.11,PR-948,COST RECOVERY,South Andrea,Jonathanfort,Leave run goal cause national contain.,DHL,Wanda Bernard,2025-03-15,APAC,COST RECOVERY,PLÁSTICO,APROVADO,Sara Jones,2025-03-15
58667035,MERCEDES,2025-05-10,PARAISOPOLIS,INBOUND,3746.46,7778.48,PR-296,COST RECOVERY PENDING,Port Adamberg,North Jasmine,Despite lay art.,FedEx,Taylor Durham,2025-05-10,EUROPA,COST RECOVERY PENDING,PLÁSTICO,APROVADO,Alexis Patel,2025-05-10
78140959,BMW,2025-03-21,POUSO ALEGRE,OUTBOUND,8825.73,6371.3,PR-711,CLOSED NOT RECOVERED,North Alyssaview,Andrechester,Blood benefit chance court.,FedEx,Robin Adams,2025-03-21,EUROPA,COST RECOVERY PENDING,METALMECÂNICO,PENDENTE,Jake Sullivan,2025-03-21
68743530,BMW,2025-04-20,BELO HORIZONTE,OUTBOUND,6925.45,2756.54,PR-554,COST RECOVERY,Lake Jeremiah,Lake Victoriaton,If help live.,UPS,Michele Miller,2025-04-20,APAC,COST RECOVERY PENDING,METALMECÂNICO,REJEITADO,Maria Rivera,2025-04-20
72950208,FERRARI,2025-01-19,BELO HORIZONTE,OUTBOUND,4885.96,3176.83,PR-491,COST RECOVERY,East Jasonshire,Nelsonland,Tonight nor allow up.,TNT,Tyrone Matthews,2025-01-19,EUROPA,COST RECOVERY PENDING,METALMECÂNICO,REJEITADO,Michelle Sanders,2025-01-19
17003454,FORD,2025-01-15,BELO HORIZONTE,INBOUND,7258.31,5401.14,PR-227,CLOSED NOT RECOVERED,Franciscobury,Rhodesside,Himself science so ready bad.,DHL,Haley Davis,2025-01-15,EUROPA,CLOSED NOT RECOVERED,TEXTIL,PENDENTE,Billy Jacobs,2025-01-15
29776801,FORD,2025-04-30,PARAISOPOLIS,INBOUND,8258.68,8903.98,PR-127,CLOSED NOT RECOVERED,Novakmouth,Lake Joshuamouth,Direction need heart control one herself.,DHL,Elizabeth Wright,2025-04-30,APAC,COST RECOVERY,PLÁSTICO,APROVADO,Derrick James,2025-04-30
61830338,BMW,2025-05-04,BELO HORIZONTE,INBOUND,767.78,9342.85,PR-959,COST RECOVERY,Lake Peter,Danieltown,Know seven bill beautiful.,UPS,Justin Hunt,2025-05-04,EUROPA,COST RECOVERY PENDING,ELETRÔNICO,REJEITADO,Brandon Spencer,2025-05-04
73411827,FERRARI,2025-04-26,POUSO ALEGRE,OUTBOUND,4761.71,549.89,PR-181,COST RECOVERY PENDING,Michelletown,Robertland,Toward within occur college herself catch.,UPS,Johnny Brown,2025-04-26,EUROPA,COST RECOVERY PENDING,TEXTIL,APROVADO,Jason Washington,2025-04-26
48668339,FERRARI,2025-01-15,BELO HORIZONTE,INBOUND,953.62,4488.34,PR-912,COST RECOVERY,Johnathanbury,Wheelerborough,Blood fight we forward per.,TNT,Erin Cook,2025-01-15,LATAM,COST RECOVERY PENDING,TEXTIL,PENDENTE,Shannon Mccann,2025-01-15
81947921,BMW,2025-01-27,POUSO ALEGRE,INBOUND,7326.17,3267.08,PR-101,COST RECOVERY,Malikborough,Edwardsfurt,Fact reason make office drug.,UPS,Robert Long,2025-01-27,EUROPA,COST RECOVERY,TEXTIL,APROVADO,Justin Vargas,2025-01-27
99170406,BMW,2025-04-16,POUSO ALEGRE,OUTBOUND,1142.95,5497.56,PR-619,COST RECOVERY,Lake Katrina,Lake Stevenborough,Something story attorney summer some.,DHL,Brenda Turner,2025-04-16,APAC,CLOSED NOT RECOVERED,ELETRÔNICO,PENDENTE,Christian Henderson,2025-04-16
61926331,MERCEDES,2025-03-15,BELO HORIZONTE,INBOUND,3892.39,1141.82,PR-346,COST RECOVERY,South Vickifort,Fergusonchester,Already why reduce speech order trial.,DHL,David Ortega,2025-03-15,NAFTA,COST RECOVERY PENDING,ELETRÔNICO,REJEITADO,Lonnie Hart,2025-03-15
83284724,MERCEDES,2025-05-06,POUSO ALEGRE,INBOUND,8388.64,7004.48,PR-812,CLOSED NOT RECOVERED,Rasmussenmouth,Rodriguezville,Develop section newspaper reach.,FedEx,James Ford,2025-05-06,EUROPA,COST RECOVERY PENDING,TEXTIL,APROVADO,Melissa Hernandez,2025-05-06
49385195,FERRARI,2025-01-05,PARAISOPOLIS,INBOUND,8915.01,3498.16,PR-417,COST RECOVERY,Garciachester,North Marieberg,Find lay deal lot live.,TNT,Michael Flores,2025-01-05,APAC,CLOSED NOT RECOVERED,ELETRÔNICO,PENDENTE,Robert Wilson,2025-01-05
35649468,MERCEDES,2025-03-08,BELO HORIZONTE,INBOUND,8725.08,3653.28,PR-227,CLOSED NOT RECOVERED,Lake Laurenbury,New Ethan,Interview left something picture control price.,TNT,Omar Ware,2025-03-08,APAC,COST RECOVERY,TEXTIL,REJEITADO,Jeffrey Smith,2025-03-08
55504725,FERRARI,2025-02-11,BELO HORIZONTE,OUTBOUND,3989.8,8074.26,PR-373,COST RECOVERY PENDING,West Karen,New Cristianside,Hand culture box provide.,TNT,Vincent Edwards MD,2025-02-11,LATAM,CLOSED NOT RECOVERED,METALMECÂNICO,PENDENTE,Brian Bell,2025-02-11
49428661,MERCEDES,2025-03-30,PARAISOPOLIS,INBOUND,3615.24,3308.58,PR-556,COST RECOVERY,Port Emily,Samanthashire,Public finish draw.,TNT,James Thomas,2025-03-30,EUROPA,COST RECOVERY,TEXTIL,REJEITADO,Kyle Andrews,2025-03-30
70012727,BMW,2025-03-24,POUSO ALEGRE,OUTBOUND,6341.09,4631.93,PR-754,COST RECOVERY PENDING,South Cynthia,New Garrett,Cell fire late approach.,DHL,Adam Taylor,2025-03-24,APAC,CLOSED NOT RECOVERED,METALMECÂNICO,APROVADO,Tracey Wagner,2025-03-24
29163535,FORD,2025-04-07,PARAISOPOLIS,INBOUND,1138.72,7895.9,PR-475,CLOSED NOT RECOVERED,Cohenchester,Burnsland,Air set factor ever Mrs collection.,TNT,Patrick Cannon,2025-04-07,LATAM,COST RECOVERY,METALMECÂNICO,PENDENTE,Ashley Wilson,2025-04-07
70387584,MERCEDES,2025-04-16,BELO HORIZONTE,OUTBOUND,7749.3,5952.26,PR-642,CLOSED NOT RECOVERED,Amberton,Paynechester,Save president easy.,TNT,Amanda Baker,2025-04-16,NAFTA,COST RECOVERY,PLÁSTICO,APROVADO,Angie Grimes,2025-04-16
25226815,BMW,2025-01-23,POUSO ALEGRE,INBOUND,5240.92,4176.38,PR-675,COST RECOVERY PENDING,East Lisa,Michellechester,Pattern size spend south.,UPS,Kim Carlson,2025-01-23,NAFTA,COST RECOVERY,TEXTIL,APROVADO,William Carter,2025-01-23
92124765,MERCEDES,2025-04-22,POUSO ALEGRE,OUTBOUND,2401.69,1789.42,PR-175,CLOSED NOT RECOVERED,Stephaniehaven,East Sydneychester,Yeah term camera.,FedEx,Danielle Dawson,2025-04-22,APAC,COST RECOVERY PENDING,PLÁSTICO,PENDENTE,Pam Lowe,2025-04-22
56630633,BMW,2025-04-06,POUSO ALEGRE,OUTBOUND,8967.65,8587.94,PR-828,COST RECOVERY,New Cynthia,Brooksland,Idea seek reason.,FedEx,Jordan Freeman,2025-04-06,NAFTA,COST RECOVERY,METALMECÂNICO,APROVADO,Sheila Boone,2025-04-06
36975128,FERRARI,2025-01-19,PARAISOPOLIS,OUTBOUND,749.7,5763.2,PR-477,CLOSED NOT RECOVERED,Reidstad,Port Amandaborough,Station manager follow exist natural.,FedEx,Samuel Kramer,2025-01-19,LATAM,COST RECOVERY PENDING,PLÁSTICO,REJEITADO,Pamela Williams,2025-01-19
74245343,FORD,2025-05-02,BELO HORIZONTE,INBOUND,1690.6,3511.76,PR-175,CLOSED NOT RECOVERED,Smithburgh,Bryantchester,Yet travel think few.,TNT,Sherri Davis,2025-05-02,NAFTA,COST RECOVERY PENDING,METALMECÂNICO,APROVADO,Bradley Beck,2025-05-02
68065043,BMW,2025-05-07,PARAISOPOLIS,INBOUND,3389.18,2038.69,PR-826,COST RECOVERY PENDING,North Randy,Jessicabury,Pretty region ability live car.,UPS,Michael Smith,2025-05-07,NAFTA,COST RECOVERY PENDING,PLÁSTICO,APROVADO,Ruth Mcneil,2025-05-07
95235919,MERCEDES,2025-03-24,PARAISOPOLIS,OUTBOUND,6337.07,1387.57,PR-756,COST RECOVERY PENDING,South Chad,Davisville,Finish thing case.,FedEx,Nicole Anderson,2025-03-24,EUROPA,COST RECOVERY,PLÁSTICO,PENDENTE,Brenda Moreno MD,2025-03-24
15529005,BMW,2025-05-07,PARAISOPOLIS,INBOUND,9511.2,7824.71,PR-371,COST RECOVERY,South Michael,Lake Kaitlin,Pattern kind describe to cause.,FedEx,Nicholas Bell,2025-05-07,APAC,COST RECOVERY,ELETRÔNICO,REJEITADO,Richard Wright,2025-05-07
94176528,MERCEDES,2025-05-06,POUSO ALEGRE,OUTBOUND,5087.98,8144.54,PR-801,CLOSED NOT RECOVERED,East Angelaport,Port Melanieport,Military meeting security far.,UPS,Steven Blevins,2025-05-06,APAC,COST RECOVERY PENDING,ELETRÔNICO,APROVADO,Brian Porter MD,2025-05-06
69002851,FORD,2025-04-13,BELO HORIZONTE,OUTBOUND,2438.22,6263.27,PR-420,COST RECOVERY,West Sarahberg,Valenciashire,Half raise several west side.,UPS,Austin Baker,2025-04-13,NAFTA,CLOSED NOT RECOVERED,METALMECÂNICO,REJEITADO,Antonio Mccormick,2025-04-13
79119463,BMW,2025-04-09,BELO HORIZONTE,INBOUND,4931.49,3040.98,PR-353,COST RECOVERY PENDING,Courtneyhaven,Hendersonfurt,Policy Mrs check.,DHL,Bob Mccall,2025-04-09,LATAM,CLOSED NOT RECOVERED,TEXTIL,PENDENTE,Brittney Murphy,2025-04-09
66121095,FERRARI,2025-04-24,PARAISOPOLIS,OUTBOUND,9370.64,7350.72,PR-294,COST RECOVERY PENDING,West Hollybury,East Christopherchester,Law participant finally.,TNT,Natalie Wilson,2025-04-24,APAC,CLOSED NOT RECOVERED,PLÁSTICO,REJEITADO,Meredith Martin,2025-04-24
13110670,BMW,2025-03-09,BELO HORIZONTE,OUTBOUND,9683.52,2543.87,PR-461,COST RECOVERY PENDING,Garyberg,Jessicaville,Friend investment model.,DHL,William Burton,2025-03-09,NAFTA,CLOSED NOT RECOVERED,TEXTIL,REJEITADO,Jorge Brown PhD,2025-03-09
82033413,BMW,2025-02-02,PARAISOPOLIS,OUTBOUND,1772.38,3012.49,PR-474,CLOSED NOT RECOVERED,Ericville,East Joycetown,Teach activity animal.,UPS,Thomas White,2025-02-02,LATAM,CLOSED NOT RECOVERED,ELETRÔNICO,PENDENTE,Amanda Pratt,2025-02-02
85405783,FERRARI,2025-05-19,BELO HORIZONTE,OUTBOUND,1198.55,5290.43,PR-882,COST RECOVERY,Walkerbury,Moonmouth,Step number budget pull.,UPS,Daniel Black,2025-05-19,LATAM,COST RECOVERY PENDING,ELETRÔNICO,REJEITADO,James Wiley,2025-05-19
60089832,MERCEDES,2025-02-24,POUSO ALEGRE,OUTBOUND,7672.17,2391.05,PR-621,CLOSED NOT RECOVERED,Markside,Smithborough,Nor fight performance less.,DHL,Katherine Barton,2025-02-24,LATAM,COST RECOVERY PENDING,METALMECÂNICO,PENDENTE,Steven Hodges,2025-02-24
54699966,FORD,2025-02-17,POUSO ALEGRE,OUTBOUND,1914.94,8984.75,PR-243,CLOSED NOT RECOVERED,North Sarah,East Ambertown,Ability price support road billion.,UPS,Cynthia Vasquez,2025-02-17,EUROPA,CLOSED NOT RECOVERED,PLÁSTICO,PENDENTE,Zachary Dawson,2025-02-17
55147280,FORD,2025-01-19,POUSO ALEGRE,OUTBOUND,5011.48,658.05,PR-439,COST RECOVERY,East Phyllishaven,Haynesstad,Window be believe card star.,DHL,Keith Graham,2025-01-19,APAC,COST RECOVERY,PLÁSTICO,PENDENTE,Cynthia Green,2025-01-19
94457912,BMW,2025-03-03,POUSO ALEGRE,OUTBOUND,3022.54,6728.11,PR-894,COST RECOVERY,Haynesmouth,Shawnbury,Want carry show.,FedEx,Brian Cole,2025-03-03,LATAM,COST RECOVERY,TEXTIL,APROVADO,Bryan Howard,2025-03-03
80361272,FORD,2025-05-30,PARAISOPOLIS,INBOUND,799.92,9507.95,PR-212,COST RECOVERY PENDING,South Kyle,Melissaland,Space fight relate owner.,DHL,Scott Hernandez,2025-05-30,APAC,CLOSED NOT RECOVERED,TEXTIL,APROVADO,Tracy Foster,2025-05-30
65426567,FERRARI,2025-01-10,BELO HORIZONTE,OUTBOUND,8791.77,7490.45,PR-163,COST RECOVERY,Jorgeburgh,South Melissaside,Economic left sound cause activity store.,FedEx,Mrs. Samantha Watson,2025-01-10,EUROPA,COST RECOVERY,PLÁSTICO,PENDENTE,Maria Aguilar,2025-01-10
74205866,FORD,2025-02-20,BELO HORIZONTE,INBOUND,4866.8,5564.71,PR-659,CLOSED NOT RECOVERED,North Wendyborough,Lambland,Business walk anything under item.,UPS,Kathleen Reyes,2025-02-20,APAC,COST RECOVERY PENDING,METALMECÂNICO,REJEITADO,Hector Odonnell,2025-02-20
84905122,MERCEDES,2025-02-23,PARAISOPOLIS,OUTBOUND,7826.16,7196.56,PR-806,COST RECOVERY,Seanberg,New Christinebury,Material third look because.,TNT,Jason Day,2025-02-23,NAFTA,CLOSED NOT RECOVERED,PLÁSTICO,PENDENTE,Danielle Mcknight,2025-02-23
46702849,MERCEDES,2025-04-16,PARAISOPOLIS,OUTBOUND,9009.72,4248.06,PR-453,COST RECOVERY PENDING,South Kimberlystad,Stephensfort,Tree maybe home conference five.,UPS,Steven Osborne,2025-04-16,LATAM,CLOSED NOT RECOVERED,ELETRÔNICO,REJEITADO,William Moreno,2025-04-16
69374716,MERCEDES,2025-05-29,POUSO ALEGRE,OUTBOUND,2532.87,8365.54,PR-377,COST RECOVERY,East Craig,West Amanda,Shake way offer.,UPS,Mrs. Taylor Frey,2025-05-29,EUROPA,COST RECOVERY PENDING,METALMECÂNICO,APROVADO,David Stewart,2025-05-29
16813620,FERRARI,2025-05-24,POUSO ALEGRE,INBOUND,998.67,4426.36,PR-834,CLOSED NOT RECOVERED,Robintown,Staceyshire,None could write.,DHL,Katherine Parker,2025-05-24,EUROPA,COST RECOVERY PENDING,METALMECÂNICO,REJEITADO,Brandon Hall II,2025-05-24
97629787,FORD,2025-04-13,BELO HORIZONTE,INBOUND,7681.16,3228.83,PR-392,COST RECOVERY,Smithborough,West Jennifer,Arrive challenge relate center book.,DHL,Holly Jones,2025-04-13,LATAM,COST RECOVERY,METALMECÂNICO,PENDENTE,Mary Willis,2025-04-13
15006085,FERRARI,2025-03-07,BELO HORIZONTE,INBOUND,9372.26,845.23,PR-956,CLOSED NOT RECOVERED,Marcusburgh,Connerfort,Company why really up skin.,TNT,Kevin Thompson,2025-03-07,EUROPA,COST RECOVERY,PLÁSTICO,APROVADO,Michael Anderson,2025-03-07
11243818,MERCEDES,2025-05-22,POUSO ALEGRE,INBOUND,9320.32,3682.9,PR-565,COST RECOVERY,Lake Stacyfurt,East Carriebury,Bit many former back get floor.,TNT,Tracey Underwood,2025-05-22,EUROPA,COST RECOVERY,TEXTIL,REJEITADO,Monica Rogers,2025-05-22
35878707,BMW,2025-01-03,BELO HORIZONTE,INBOUND,7445.63,6658.71,PR-835,COST RECOVERY PENDING,Jasonland,Jonathanville,Answer just information.,DHL,Jason Macias,2025-01-03,NAFTA,CLOSED NOT RECOVERED,METALMECÂNICO,APROVADO,James Poole,2025-01-03
92000924,FORD,2025-04-23,BELO HORIZONTE,OUTBOUND,1324.01,6857.93,PR-289,COST RECOVERY PENDING,East Shannon,West Andrewview,Avoid color heart.,TNT,Kimberly Villanueva,2025-04-23,NAFTA,COST RECOVERY PENDING,ELETRÔNICO,REJEITADO,Kirk Austin,2025-04-23
61482483,FERRARI,2025-04-04,BELO HORIZONTE,OUTBOUND,9563.33,3368.49,PR-840,COST RECOVERY,South Sherriburgh,Mooreville,Day couple recent reveal role.,DHL,Douglas Young,2025-04-04,NAFTA,COST RECOVERY,PLÁSTICO,PENDENTE,Kenneth Larsen,2025-04-04
41715995,BMW,2025-01-30,POUSO ALEGRE,INBOUND,4921.25,2017.31,PR-802,COST RECOVERY,West Adamland,Madisonfort,Best deal point with.,UPS,Brian Glover,2025-01-30,LATAM,COST RECOVERY,PLÁSTICO,REJEITADO,Steven Baker,2025-01-30
92493631,FERRARI,2025-05-05,PARAISOPOLIS,INBOUND,5042.73,4822.3,PR-720,CLOSED NOT RECOVERED,Lopezfurt,Jacobton,Keep enjoy student nor.,TNT,Michael Davis,2025-05-05,APAC,COST RECOVERY,METALMECÂNICO,APROVADO,Rhonda Gutierrez,2025-05-05
89968863,BMW,2025-05-27,POUSO ALEGRE,OUTBOUND,5517.64,3936.96,PR-677,COST RECOVERY PENDING,New Bruce,Cardenaschester,Reach view of dog federal house.,DHL,Amanda Duncan,2025-05-27,EUROPA,COST RECOVERY,METALMECÂNICO,APROVADO,Laura Mcgrath,2025-05-27
54039203,FORD,2025-01-29,PARAISOPOLIS,INBOUND,7310.72,5143.87,PR-622,CLOSED NOT RECOVERED,Port Shaneburgh,Port James,Interest write itself.,DHL,Lori Flowers MD,2025-01-29,APAC,COST RECOVERY PENDING,TEXTIL,REJEITADO,Suzanne Jones,2025-01-29
85686878,BMW,2025-03-17,POUSO ALEGRE,OUTBOUND,6891.29,3427.61,PR-122,CLOSED NOT RECOVERED,Arnoldview,Starktown,Onto site both change note old.,UPS,Ariel Garcia,2025-03-17,LATAM,COST RECOVERY,METALMECÂNICO,PENDENTE,Rachel Dillon,2025-03-17
19801857,BMW,2025-03-08,BELO HORIZONTE,OUTBOUND,7153.66,5641.05,PR-161,COST RECOVERY PENDING,Bakerfort,Johnsonview,Century participant really although threat.,TNT,David Reese,2025-03-08,LATAM,CLOSED NOT RECOVERED,TEXTIL,APROVADO,Stephanie Smith,2025-03-08
28176954,FORD,2025-02-28,BELO HORIZONTE,OUTBOUND,4761.1,9212.59,PR-486,CLOSED NOT RECOVERED,Juanfort,Port Jeremyport,Similar fly rock painting become.,DHL,Thomas Russell,2025-02-28,EUROPA,COST RECOVERY,PLÁSTICO,APROVADO,Mr. James Brown,2025-02-28
33954324,FORD,2025-01-31,POUSO ALEGRE,INBOUND,7414.65,2615.56,PR-103,COST RECOVERY PENDING,West Jennafurt,Port Melissa,Ahead cover strategy student economic lead.,UPS,Michele Hill,2025-01-31,APAC,COST RECOVERY,TEXTIL,PENDENTE,Kathy Reid,2025-01-31
60905625,FERRARI,2025-01-25,PARAISOPOLIS,OUTBOUND,3788.52,3118.67,PR-996,COST RECOVERY,East Nathanmouth,Port Thomas,Glass clear thus see read expect.,DHL,Christopher Armstrong,2025-01-25,LATAM,COST RECOVERY,TEXTIL,PENDENTE,Shannon Holland,2025-01-25
12099943,FERRARI,2025-05-12,PARAISOPOLIS,INBOUND,1458.52,818.97,PR-712,COST RECOVERY,West Denise,Port Kimberlytown,Treatment positive over across education source.,DHL,Walter Day,2025-05-12,EUROPA,COST RECOVERY,ELETRÔNICO,REJEITADO,James Bailey,2025-05-12
68916591,FERRARI,2025-02-18,POUSO ALEGRE,INBOUND,7666.66,7872.6,PR-243,COST RECOVERY,South Kevin,Silvatown,Yourself whom style no order executive.,UPS,Karen Rogers,2025-02-18,EUROPA,COST RECOVERY,PLÁSTICO,PENDENTE,Frederick Hill,2025-02-18
90251151,MERCEDES,2025-05-08,PARAISOPOLIS,OUTBOUND,8824.45,9864.11,PR-633,COST RECOVERY PENDING,Jacobhaven,North Linda,Identify floor cause agent market fast.,TNT,Jennifer Doyle,2025-05-08,NAFTA,CLOSED NOT RECOVERED,ELETRÔNICO,PENDENTE,Wendy Cabrera,2025-05-08
89412216,FERRARI,2025-03-08,POUSO ALEGRE,OUTBOUND,5780.58,945.4,PR-452,COST RECOVERY,Lake Amanda,Knoxstad,Feel color price next family likely.,TNT,Molly Hansen,2025-03-08,NAFTA,COST RECOVERY,TEXTIL,REJEITADO,Theresa Lam,2025-03-08
30027648,MERCEDES,2025-05-08,BELO HORIZONTE,INBOUND,7666.95,4998.43,PR-969,COST RECOVERY PENDING,East Michaelport,Frenchmouth,End family surface like term.,UPS,Terry Jones,2025-05-08,EUROPA,CLOSED NOT RECOVERED,ELETRÔNICO,PENDENTE,Kathryn Dillon,2025-05-08
65388634,FORD,2025-03-16,POUSO ALEGRE,INBOUND,4189.98,2922.46,PR-438,COST RECOVERY,Robertberg,East Matthew,Throughout would century television Congress ball.,DHL,William Edwards,2025-03-16,APAC,CLOSED NOT RECOVERED,ELETRÔNICO,PENDENTE,Jesse Clark,2025-03-16
35566010,BMW,2025-02-02,BELO HORIZONTE,OUTBOUND,6899.88,6227.76,PR-994,COST RECOVERY PENDING,South Kristen,East Christinachester,Investment local above move room.,FedEx,Stephanie Sherman,2025-02-02,EUROPA,CLOSED NOT RECOVERED,METALMECÂNICO,REJEITADO,Alicia Smith,2025-02-02
50693207,BMW,2025-05-23,PARAISOPOLIS,INBOUND,9639.74,1614.5,PR-872,CLOSED NOT RECOVERED,East Heather,Larryville,Me fill assume animal way.,FedEx,Joseph Warren,2025-05-23,EUROPA,CLOSED NOT RECOVERED,METALMECÂNICO,PENDENTE,Michael Anderson,2025-05-23
53166435,MERCEDES,2025-04-06,BELO HORIZONTE,OUTBOUND,5569.68,3912.97,PR-367,CLOSED NOT RECOVERED,Karenburgh,Smithbury,Deep against mean.,TNT,Michael Conner,2025-04-06,APAC,COST RECOVERY PENDING,TEXTIL,REJEITADO,Martin Wise,2025-04-06
37263310,MERCEDES,2025-05-02,BELO HORIZONTE,OUTBOUND,934.3,8708.81,PR-859,COST RECOVERY PENDING,New Virginiaville,North Hannahchester,Herself natural listen check receive.,DHL,Elizabeth Stanley,2025-05-02,NAFTA,COST RECOVERY,TEXTIL,REJEITADO,Debra Obrien,2025-05-02
30456313,FERRARI,2025-01-27,BELO HORIZONTE,INBOUND,4108.48,8416.95,PR-611,COST RECOVERY,Rivasville,West Danielville,Cup current enjoy mission cut region.,UPS,Andrew Crawford,2025-01-27,NAFTA,CLOSED NOT RECOVERED,TEXTIL,REJEITADO,Timothy Rivera,2025-01-27
32579937,MERCEDES,2025-01-01,PARAISOPOLIS,INBOUND,7342.98,5139.01,PR-655,COST RECOVERY,Lake Christopherville,Hernandezland,Avoid rich toward popular lead with.,DHL,Anthony Li,2025-01-01,LATAM,COST RECOVERY PENDING,ELETRÔNICO,APROVADO,Sarah Ward,2025-01-01
65350347,FERRARI,2025-05-12,POUSO ALEGRE,INBOUND,1145.7,1934.78,PR-323,COST RECOVERY,Ronaldville,Port Katherineton,System professional color.,TNT,Jeffrey Howell,2025-05-12,NAFTA,COST RECOVERY PENDING,TEXTIL,PENDENTE,Anna Briggs,2025-05-12
75478707,BMW,2025-02-05,PARAISOPOLIS,OUTBOUND,612.58,5529.47,PR-381,COST RECOVERY,South Ricardomouth,Maryfort,Power someone both receive around.,UPS,Caitlin Perry,2025-02-05,LATAM,COST RECOVERY,TEXTIL,APROVADO,Rebekah Gregory,2025-02-05
24363501,BMW,2025-02-05,POUSO ALEGRE,INBOUND,2789.2,6387.92,PR-358,CLOSED NOT RECOVERED,Maxwelltown,South Samantha,Thought key as.,UPS,Alexandria Oneill,2025-02-05,APAC,COST RECOVERY PENDING,PLÁSTICO,REJEITADO,Natasha Cummings,2025-02-05
71605634,FERRARI,2025-02-13,POUSO ALEGRE,INBOUND,3349.76,8366.59,PR-182,COST RECOVERY,Aprilville,Stanleybury,Generation put his stuff next write.,DHL,Mason Moore,2025-02-13,LATAM,CLOSED NOT RECOVERED,TEXTIL,REJEITADO,Sarah Booth,2025-02-13
84182331,FORD,2025-01-15,PARAISOPOLIS,INBOUND,7177.03,1285.52,PR-965,CLOSED NOT RECOVERED,Floresmouth,Brentbury,Poor idea dog learn soon large.,UPS,Jillian Wilson,2025-01-15,LATAM,COST RECOVERY,ELETRÔNICO,APROVADO,Matthew Garcia MD,2025-01-15
38375916,FORD,2025-04-19,BELO HORIZONTE,INBOUND,9279.51,7002.07,PR-387,COST RECOVERY,Port Christopherport,Lake Emily,Guy approach development lawyer nice.,DHL,Kara Sandoval,2025-04-19,EUROPA,CLOSED NOT RECOVERED,ELETRÔNICO,APROVADO,Ashley Malone,2025-04-19
88790652,FERRARI,2025-02-13,POUSO ALEGRE,OUTBOUND,9324.31,3343.13,PR-677,COST RECOVERY PENDING,West Michaelport,Jacquelineton,Manage state score important.,TNT,Craig Martinez,2025-02-13,NAFTA,CLOSED NOT RECOVERED,METALMECÂNICO,PENDENTE,Cindy Summers,2025-02-13
20526386,MERCEDES,2025-02-07,PARAISOPOLIS,INBOUND,4652.34,8467.41,PR-448,COST RECOVERY,Danielchester,Lake Maryshire,Sign late probably.,TNT,Brandy Porter,2025-02-07,NAFTA,COST RECOVERY PENDING,PLÁSTICO,REJEITADO,Amber Mcconnell,2025-02-07
